{
  "hash": "3d8a97e5",
  "configHash": "9ad92135",
  "lockfileHash": "0a48e70f",
  "browserHash": "807b7400",
  "optimized": {
    "@angular/core": {
      "src": "../../../../../node_modules/@angular/core/fesm2022/core.mjs",
      "file": "@angular_core.js",
      "fileHash": "18a729d3",
      "needsInterop": false
    },
    "@angular/platform-browser": {
      "src": "../../../../../node_modules/@angular/platform-browser/fesm2022/platform-browser.mjs",
      "file": "@angular_platform-browser.js",
      "fileHash": "971be45a",
      "needsInterop": false
    },
    "@angular/router": {
      "src": "../../../../../node_modules/@angular/router/fesm2022/router.mjs",
      "file": "@angular_router.js",
      "fileHash": "a612d925",
      "needsInterop": false
    }
  },
  "chunks": {
    "chunk-DFEYT2BF": {
      "file": "chunk-DFEYT2BF.js"
    },
    "chunk-LF2LKXYJ": {
      "file": "chunk-LF2LKXYJ.js"
    }
  }
}